Clean_Text,Emotion
checked email update,Neutral
hate never give clear instruction,Angry
laptop crashed,Sad
scared competitive internship process,Fear
academic writing skill reaching new level,Joy
attended research workshop,Neutral
lucky great friend,Joy
reviewed methodological rigor,Neutral
academic achievement losing meaning,Sad
lost file important document,Sad
fear running time,Fear
felt enraged project denial,Angry
worried department scrutiny,Fear
professor undervalued contribution,Angry
campus orientation next week,Neutral
missed lecture favourite lecturer,Sad
happy yesterday,Joy
got upset group project sabotage,Angry
handle advanced coursework,Fear
hostel electricity go time,Angry
creative work heavily criticized,Sad
afraid scholarship rejection,Fear
hate going lecture,Angry
attended academic gathering,Neutral
best university,Joy
first class degree upto,Joy
could join field trip,Sad
academic journey inspiring others,Joy
scared peer competition,Fear
get enough support supervisor,Sad
got rejected academic society,Sad
submitted policy analysis,Neutral
afraid missing submission deadline,Fear
lecture aat pm l room,Neutral
happy grade,Joy
afraid academic integrity violation,Fear
fight someone,Sad
instructor dismissed effort,Angry
group presentation grade unfair,Angry
anxious everything riht,Fear
completed intervention research,Neutral
mad every one right,Angry
girl,Neutral
completed grant application,Neutral
today home,Neutral
cired lot yesterday,Sad
happy submitted assignment time,Joy
scholarship application got rejected,Sad
academic progress stalled indefinitely,Sad
academic network changing world better,Joy
lab partner broke expensive equipment,Angry
nervous wonot understand question,Fear
attended career fair,Neutral
walked campus library,Neutral
projector bulb replaced,Neutral
attended academic seminar,Neutral
missed lecture today,Sad
public speaking championship,Joy
revising quiz,Neutral
attended scholarly conference,Neutral
make new friend,Fear
project collaboration fell,Sad
professor gave harsh criticism project,Sad
completed evaluation study,Neutral
afraid fitting socially,Fear
submitted historical study,Neutral
everyon come gorund pm,Neutral
tommrow going anuradhapura town,Neutral
completed correlational study,Neutral
anxious comprehensive exam,Fear
attended thesis workshop,Neutral
anxious future,Fear
could attend job fair,Sad
attended scholarly meeting,Neutral
classmate criticized idea harshly,Angry
got cut competitive internship,Sad
group left presentation,Sad
got accepted dream major,Joy
could go home month,Sad
research got accepted publication,Joy
academic network expanding rapidly,Joy
shared cake library lounge,Joy
afraid meeting advisor expectation,Fear
campus interview led job opportunity,Joy
nervous thesis submission,Fear
found textbook library,Neutral
professor refused recommend advancement,Sad
failed important subject,Sad
scared negative peer review,Fear
failed everything,Sad
got anxious senior,Fear
registration next semester open tomorrow,Neutral
reviewed research design,Neutral
anxious medical school interview,Fear
exam dififcult,Sad
internet always slow need,Angry
project proposal good,Joy
got low grade every exam,Sad
professor criticized conceptual framework,Sad
lecturer showed interest research,Sad
research project lack coherent direction,Sad
instructor publicly criticized methodology,Angry
campus social activity lack diversity,Angry
got accepted exclusive academic council,Joy
get selected leadership program,Sad
missed family badly,Sad
felt provoked lab evaluation,Angry
got invitation lead global academic initiative,Joy
ac working,Neutral
research collaboration achieving cosmic harmony,Joy
failed subject worked hard,Sad
thesis committee satisfied,Sad
got irritated continuous criticism,Angry
got frustrated evaluation process,Angry
professor u powerpoint slide,Neutral
campus newspaper published article,Joy
lab result sabotaged someone,Angry
win match,Sad
library computer always broken,Angry
need submit course reflection,Neutral
completed descriptive study,Neutral
need check course prerequisite,Neutral
friend shared funny story today,Joy
hate rude senior,Angry
got diagnosed learning disability,Sad
academic performance consistently disappointing,Sad
donot like see face,Angry
professor gave feedback assignment,Neutral
feel angry,Angry
cancel trip,Sad
completed qualitative research,Neutral
attended workshop research method,Neutral
worrying st year,Fear
felt ignored research discussion,Angry
anxious peer pressure situation,Fear
unsuccessful everything,Sad
felt frustrated group dynamic,Angry
academic achievement leaving lasting legacy,Joy
professor refused thesis committee participation,Sad
academic performance expectation consistently,Sad
research finding exceeded expectation,Joy
go gym,Neutral
classmate challenged competence,Angry
hate everyone talk behind back,Angry
got highest grade every subject,Joy
academic confidence completely shattered,Sad
got rejected scholarly publication,Sad
professor recommended fellowship,Joy
sad father condition,Sad
back back lecture,Angry
group project partner never show,Angry
got upset exam scoring mistake,Angry
classmate took credit work,Angry
hall booked event,Neutral
attended guest speaker presentation,Neutral
academic skill creating unprecedented impact,Joy
nervous judged professor,Fear
professor invited academic symposium,Joy
professor invited conference,Joy
experiment produced amazing result,Joy
anxious writing thesis,Fear
submitted methodological paper,Neutral
nervous final grade,Fear
assignment file big upload,Neutral
professor questioned research competence,Sad
hate ignore student complaint,Angry
afraid making presentation mistake,Fear
felt provoked group discussion,Angry
got frustrated conflicting instruction,Angry
hate going lecture,Angry
stressed work load,Fear
scored well cricket match,Joy
research approach fundamentally wrong,Sad
bringing laptop charger,Neutral
got offered position top consulting firm,Joy
submitted study,Neutral
academic mentor witnessing extraordinary success,Joy
lecturer never explains thing properly,Angry
submitted research proposal,Neutral
lost seat library,Sad
lab report due friday,Neutral
worried advisor disappointment,Fear
course syllabus updated,Neutral
instructor criticized presentation publicly,Angry
enjoyed science exhibition together,Joy
thesis draft received harsh criticism,Sad
submitted empirical analysis,Neutral
scared oral examination,Fear
classmate intentionally delayed project,Angry
fear wonot manage time well,Fear
got rejected academic institute,Sad
afraid failing statistic course,Fear
afraid failing required course,Fear
nervous exam question,Fear
professor offered position course coordinator,Joy
academic mentor terminated relationship,Sad
cancel trip,Sad
got funding revolutionary research concept,Joy
worried answer wonot good enough,Fear
fear smart enough,Fear
professor showed favoritism others,Angry
hate senior get away everything,Angry
study skill seem inadequate success,Sad
got rejected academic fellowship,Sad
professor questioned academic commitment,Sad
attended research meeting,Neutral
make wrong academic decision,Fear
research collaboration winning prestigious award,Joy
anxious peer pressure situation,Fear
working fine,Neutral
professor refused endorse work,Sad
go mad group mate,Angry
research conclusion lack sufficient support,Sad
faced accident missed exam,Sad
received full funding graduate study,Joy
attended academic workshop,Neutral
meeting study group pm,Neutral
make cry,Sad
professor offered position shaping next generation,Joy
course description totally misleading,Angry
community project impacted hundred,Joy
quiet zone,Neutral
scared thesis submission deadline,Fear
lost sport competition final,Sad
got dream internship google,Joy
instructor gave unfair assessment,Angry
failed get required course,Sad
research funding application denied,Sad
unsuccessful everything,Sad
professor dismissed explanation abruptly,Angry
afraid academic probation,Fear
professor expressed disappointment repeatedly,Sad
research methodology revolutionizing approach,Joy
never take feedback seriously,Angry
completed field observation,Neutral
attend lecture today,Neutral
got selected student council,Joy
scared unprepared,Fear
short story literary prize,Joy
afraid chose wrong major,Fear
exam hall hot uncomfortable,Angry
professor said potential phd,Joy
printer paper,Neutral
professor explained concept clearly,Neutral
lab locked,Angry
professor refused collaboration outright,Sad
hate repeat thing,Angry
changed plan without telling,Angry
worried family financial struggle,Fear
felt angry internship rejection,Angry
frustrated constant pressure perform,Angry
scared comprehensive examination,Fear
academic record multiple error,Angry
dining hall food quality absolutely terrible,Angry
got selected th year,Joy
need register workshop,Neutral
lost wallet today vey sad,Sad
campus security treat student poorly,Angry
struggling understand course material,Sad
research topic reject,Sad
scared english good enough,Fear
made new friend study group,Joy
attended academic colloquium,Neutral
study group helped understand difficult concept,Joy
got selected prestigious research fellowship,Joy
lost part time job due poor grade,Sad
campus activity fee keep increasing,Angry
roommate studying final,Neutral
professor unrealistic expectation,Angry
fed everything alone,Angry
course credit hour,Neutral
felt enraged repeated rejection,Angry
found good food today,Joy
afraid failing research experiment,Fear
like batch mate,Angry
reviewed data collection method,Neutral
waited minute group call one showed,Angry
campus technology support completely useless,Angry
attended faculty presentation,Neutral
friend surprised birthday,Joy
academic achievement creating positive impact,Joy
afraid letting team,Fear
research proposal failed committee review,Sad
academic journey reaching infinite fulfillment,Joy
hi galle,Neutral
anxious peer collaboration,Fear
completed thesis proposal,Neutral
worried enough practice,Fear
feel mad friend,Angry
lost hostel room key,Sad
professor grade based personal bias,Angry
study guide available online,Neutral
course material blackboard,Neutral
completed clinical research,Neutral
worried maintaining scholarship requirement,Fear
working report right,Neutral
nd year student,Neutral
got rejected dream graduate program,Sad
reviewed statistical method,Neutral
classmate challenged aggressively,Angry
fell sick mid semester week,Sad
completed systematic analysis,Neutral
clothes missing hostel,Angry
reviewed reliability test,Neutral
missed last shuttle bus hostel,Sad
could attend farewell night,Sad
glad presentation went smoothly,Joy
artistic work displayed gallery,Joy
scared thesis defense presentation,Fear
professor invited co author paper,Joy
professor provide adequate feedback,Angry
attending office hour tomorrow,Neutral
lost temper lab session,Angry
fear accepted study,Fear
got accepted graduate program,Joy
instructor refused extend deadline,Angry
reviewed grading rubric,Neutral
scared poor grade,Fear
professor offered independent study opportunity,Joy
furious work overtime without pay,Angry
professor replied email,Neutral
discovered passion subject,Joy
hostel room got flooded heavy rain,Sad
fear research wonot original,Fear
get program wanted,Sad
course scheduling completely illogical,Angry
never take feedback seriously,Angry
nervous group evaluation,Fear
scared viva question,Fear
great discussion superisor,Joy
completed comprehensive exam,Neutral
group member irresponsible,Angry
classmate talk loudly lecture distracting,Angry
academic journey exceeded expectation,Joy
study method proving entirely useless,Sad
reviewed research instrument,Neutral
completed descriptive analysis,Neutral
great time friend yesterday ngiht,Joy
completed diagnostic research,Neutral
worried chemistry lab safety,Fear
hate constant pressure lecturer,Angry
research conclusion completely unfounded,Sad
worried maintaining scholarship requirement,Fear
felt frustrated project obstacle,Angry
research proposal received enthusiastic approval,Joy
balance work study,Fear
professor provides office hour,Neutral
went ar office sign bursary,Neutral
assignment rubric detailed,Neutral
classmate ignored suggestion,Angry
disappoint parent,Fear
instructor ignored improvement effort,Angry
research poster best presentation,Joy
meet gpa requirement,Sad
fil exam,Fear
worried standardized test score,Fear
much work time even self study something new,Angry
course curriculum completely outdated,Angry
study abroad experience exceeding expectation,Joy
group mate supportive today,Joy
research idea get rejected,Fear
submitted literature review,Neutral
missed chance perform talent show,Sad
reviewed academic standard,Neutral
felt frustrated lack guidance,Angry
completed collaborative study,Neutral
feel lonely even surrounded people,Sad
attended academic meeting,Neutral
completed literature search,Neutral
thesis proposal enthusiastically received,Joy
got honor program,Joy
professor offered position university fellow,Joy
reviewed research ethic,Neutral
completed longitudinal study,Neutral
anxious peer evaluation feedback,Fear
professor invited international conference,Joy
missed computer lab practical session,Sad
go town,Neutral
research direction lack focus entirely,Sad
academic journey opening unexpected path,Joy
academic future look increasingly uncertain,Sad
lost campus job,Sad
stopped relationship heart borken piece,Sad
completed case study research,Neutral
group chat full nonsense work get done,Angry
woke made bed,Neutral
get good grade,Fear
study group disbanded final,Sad
professor said work lack depth,Sad
research idea bad,Sad
photography contest,Joy
research collaboration opportunity appeared,Joy
got selected world academic forum,Joy
instructor criticized teamwork,Angry
textbook reading tomorrow,Neutral
get fear unaanounced exam held,Fear
completed ethnographic study,Neutral
let meet near canteen,Neutral
scared faculty criticism,Fear
got accepted graduate school,Joy
hate whole universe,Angry
library almost empty today,Neutral
team member working properly hate,Angry
worried wonot get good grade,Fear
study material comprehensive,Neutral
felt mistreated department staff,Angry
scared repeating year,Fear
lost place hostel allocation,Sad
keep ignoring,Angry
spent cheerful afternoon garden,Joy
scolded lecturer today,Sad
feel left batch,Sad
professor questioned intellectual capacity,Sad
mad student cheat still get good grade,Angry
stressed exam result,Fear
research data wrong,Fear
crush rejected,Sad
got enraged uncooperative lab partner,Angry
volunteer work got medium coverage,Joy
scholarship get revoked,Fear
got perfect score comprehensive exam,Joy
worried competing high achiever,Fear
professor refused collaboration request,Angry
anxious prepared enough,Fear
could attend funeral back home,Sad
research finding published top journal,Joy
worried failing upcoming exam,Fear
exam saddest situation,Sad
scared comprehensive exam failure,Fear
professor criticized work publicly,Sad
feel lonely even surrounded people,Sad
transcript processing delay,Angry
got supporitve superivsor,Joy
lecturer changed assignment deadline without telling u,Angry
going study today,Neutral
completed homework assignment,Neutral
academic achievement feel hollow,Sad
got highest mark exam,Joy
lose match ca handle,Fear
got upset course cancellation,Angry
professor wrote great recommendation letter,Joy
campus bookstore accepts return,Neutral
keep postponing exam without notice,Angry
senior really annoying,Angry
academic network creating positive global impact,Joy
graduation requirement changed unexpectedly,Angry
ca answer viva question,Fear
waiting outside classroom,Neutral
scheduled meeting academic advisor,Neutral
greatful,Joy
donot like,Angry
got frustrated unfair grading,Angry
campus security patrol night,Neutral
worried maintaining gpa,Fear
classmate undermined effort repeatedly,Angry
annual writing competition,Joy
lecture,Angry
nervous final result,Fear
worried internship evaluation,Fear
professor teach multiple subject,Neutral
two lecture day,Neutral
reviewed research application,Neutral
failure love,Sad
lost everything except life,Sad
could print assignment time,Sad
nervous internship interview,Fear
movie night hostel fun,Joy
business plan competition,Joy
classmate mocked presentation,Angry
afraid making wrong career choice,Fear
advisor seems disappointed progress,Sad
exam question unfair confusing,Angry
make new friend,Fear
scared thesis submission deadline,Fear
professor criticized literature review,Sad
felt provoked peer competition,Angry
cafeteria food disgusting,Angry
anxious laboratory practical exam,Fear
study schedule organized,Neutral
beauiful clothes wear,Sad
got invitation academic enlightenment,Joy
hate acedamic stress,Angry
instructor undervalued work,Angry
hostel food always cold tasteless,Angry
got low grade expect,Sad
submitted final project outline,Neutral
donot like university culture,Angry
research changed university policy,Joy
completed tutorial question,Neutral
got annoyed unfair participation grading,Angry
professor refused reconsider grade,Angry
study material outdated useless,Angry
sitting last row,Neutral
held lecture even poyadays,Angry
study strategy completely ineffective,Sad
research hypothesis proven wrong,Sad
received student leadership award,Joy
fear presentation wonot interesting,Fear
anxious laboratory safety protocol,Fear
graduation day finally,Joy
timetable small change,Neutral
attended research training,Neutral
could join society meeting,Sad
academic mentor lost confidence,Sad
glad completed assignment time,Joy
got upset course cancellation,Angry
professor give contradictory instruction,Angry
took part friendly sport match,Joy
missed convocation close friend,Sad
reviewed exam study guide,Neutral
nervous research publication,Fear
attended scholarly conference,Neutral
research project got rejected committee,Sad
got accepted competitive academic institute,Joy
got invitation join international advisory board,Joy
academic standing jeopardy,Sad
completed skill assessment,Neutral
dormitory wifi working fine today,Neutral
fail exam,Sad
registration deadline unreasonable,Angry
meet admission requirement,Sad
said good person,Sad
bath,Neutral
heating system dorm never work,Angry
got furious administrative mishandling,Angry
discussion forum post due,Neutral
get accepted graduate seminar,Sad
professor refused acknowledge progress,Angry
money dress well,Sad
classmate dismissed idea repeatedly,Angry
research collaboration expanding globally,Joy
ate fruites,Neutral
campus wifi constantly cutting,Angry
professor make student feel incompetent,Angry
first place academic competition,Joy
redo work,Angry
attended research meeting,Neutral
academic achievement completely meaningless,Sad
superviosr rejected research topic,Sad
essay appreciated lecturer,Joy
might graduate time,Fear
live want go home,Sad
professor available consultation,Neutral
happy today lecture canceld,Joy
completed psychological study,Neutral
peer review feedback overwhelmingly negative,Sad
got selected elite academic society,Joy
professor recommended editorial position,Joy
chose wrong university,Fear
submitted research manuscript,Neutral
attended research symposium,Neutral
wrote journal,Neutral
completed translational research,Neutral
study strategy failing consistently,Sad
got invitation join editorial board,Joy
adapt university life,Fear
felt enraged repeated project obstacle,Angry
group member ignored suggestion completely,Sad
exited spend time family,Joy
submitted analytical study,Neutral
angry timetable change last minute,Angry
completed analysis,Neutral
scared start project,Fear
got low grade,Sad
going get attendance marked,Neutral
went atm,Neutral
submitted field research,Neutral
hostel sanghamitta hostel,Neutral
worried internship performance,Fear
lab experiment result exceeded expectation,Joy
lecture afternoon,Neutral
got upset administrative error,Angry
got invitation lead international initiative,Joy
professor said essay brilliant,Joy
professor offered position research director,Joy
bought new notebook,Neutral
system crashed submission,Angry
university raised tuition fee,Angry
scared poor project feedback,Fear
lecturer criticized work publicly,Sad
lecturer never respect time,Angry
attended research presentation,Neutral
lost new pen drive,Sad
got irritated continuous criticism,Angry
senior aggressive towards u,Angry
academic advisor recommended program change,Sad
instructor refused supervise project,Angry
scared disappointing classmate,Fear
hate politics student group,Angry
academic writing getting published recognition,Joy
study break scheduled lunch,Neutral
scared thesis committee meeting,Fear
today module good,Joy
campus event today exciting,Joy
group project earned top mark,Joy
lecturer blamed u,Sad
team member donot work well,Angry
participated class debate prep,Neutral
anxious laboratory safety protocol,Fear
study technique finally paying,Joy
campus facility falling apart,Angry
final viva went poorly,Sad
got frustrated course coordination,Angry
happy complete task early,Joy
musical composition premiered concert,Joy
lost first class,Sad
professor offered collaboration book project,Joy
understand advanced concept,Fear
scared voice opinion class,Fear
got irritated exam scoring error,Angry
attended academic seminar,Neutral
worried academic recognition,Fear
rain ruined pair shoe,Sad
professor criticized presentation publicly,Angry
hostel water bathing,Sad
anxious thesis proposal defense,Fear
hate unfairly mark distributed,Angry
got positive feedback supervisor,Joy
lost lab coat,Sad
missed family sinhala new year,Sad
send pdf later,Neutral
sick waking early boring lecture,Angry
failed mid exam,Sad
competion today best performance,Joy
attended professional conference,Neutral
felt frustrated conflicting instruction,Angry
professor offered position wisdom incarnate,Joy
received presidential scholarship,Joy
reviewed measurement tool,Neutral
hostel rule unfair,Angry
attended academic conference,Neutral
instructor showed favoritism openly,Angry
organized note yesterday class,Neutral
planing go trip,Joy
afraid confronting professor,Fear
best firend got sick badly,Sad
academic performance keep declining,Sad
got criticized oral examination,Sad
need schedule meeting,Neutral
register class needed,Sad
could participate avurudu festival,Sad
reviewed academic framework,Neutral
failed project viva,Sad
go temple,Neutral
faced well exam,Sad
happy today,Joy
need attend mandatory session,Neutral
unfair marking scheme,Angry
need submit final portfolio,Neutral
classmate intentionally misled,Angry
first place science fair,Joy
submitted book review,Neutral
attended academic forum,Neutral
fed everything alone,Angry
got selected competitive academic exchange,Joy
scared future career prospect,Fear
nervous exam preparation,Fear
feel blessed today,Joy
done nonsense,Angry
academic network creating lasting partnership,Joy
missed application deadline scholarship,Sad
afraid meeting advisor expectation,Fear
forgot one submission date project report,Fear
felt left group,Sad
need complete prerequisite,Neutral
afraid chose wrong major,Fear
graduate time,Fear
one respect personal space hostel,Angry
anxious professor expectation,Fear
group discussion went well,Neutral
got highest mark last semester,Joy
good viva,Joy
please shouting study well,Angry
academic goal seem completely unrealistic,Sad
got accepted prestigious academic circle,Joy
get selected research conference,Sad
missed lecture due traffic jam,Sad
campus housing assignment system broken,Angry
professor praised research paper,Joy
academic advisor recommended program withdrawal,Sad
professor offered research assistant position,Joy
nervous academic competition,Fear
enjoyed music festival near university,Joy
enjoyed watching play auditorium,Joy
classmate sabotaged project timeline,Angry
understand material,Fear
studying common room,Neutral
faced viva well,Joy
selected student representative,Joy
classmate challenged unfairly,Angry
printed reading next week,Neutral
felt provoked peer questioning,Angry
worried finding job graduation,Fear
research finding transforming understanding,Joy
found perfect balance study life,Joy
missed mom,Sad
reviewed course material,Neutral
academic collaboration leading publication,Joy
got cut academic presentation,Sad
great party time friend yesterday,Joy
nervous thesis evaluation,Fear
campus facility maintenance request ignored,Angry
hand trembling heart racing,Fear
professor cancelled class without notice,Angry
got invitation keynote academic conference,Joy
missed family function village,Sad
exam answer wrong,Fear
friend talked behind back pretended like nothing happened,Angry
going library study,Neutral
lab session ended early,Neutral
scared approach supervisor help,Fear
proud help friend homework,Joy
submit project idea,Angry
fail licensing exam,Fear
afraid intellectually capable,Fear
lecture morning interesting,Joy
seminar start hour,Neutral
participated peer tutoring,Neutral
course registration priority system unfair,Angry
missing home family much,Sad
academic mentor ended relationship,Sad
registered next semester class,Neutral
got difficult subject,Joy
reviewed academic literature,Neutral
professor refused collaboration request,Sad
worried low gpa,Fear
research methodology yielding great result,Joy
return book tomorrow,Neutral
completed,Neutral
worried failing assignment,Fear
classmate sabotaged lab preparation,Angry
academic conference presentation went perfectly,Joy
nervous experimental error,Fear
exhibition next week,Neutral
research methodology opening new dimension,Joy
classmate belittled suggestion,Angry
research proposal rejected unfairly,Angry
got selected research program,Joy
anxious managing stress,Fear
professor offered position research associate,Joy
research finding enlightening entire world,Joy
afraid academic shortcoming,Fear
completed experimental research,Neutral
professor invited join research team,Joy
afraid public speaking,Fear
could print poster club,Sad
understand material,Fear
academic future completely hopeless,Sad
felt furious internship rejection,Angry
people blame something,Fear
professor recommended fellowship,Joy
canteen menu look different today,Neutral
afraid technical failure presentation,Fear
campus event happen weekly,Neutral
worried wonot able answer question well,Fear
faced accident missed exam,Sad
anxious research ethic approval,Fear
afraid feedback,Fear
thesis outline completely criticized,Sad
lab schedule always clashing,Angry
lost purse railway station,Sad
project timeline changed arbitrarily,Angry
completed skill workshop,Neutral
scared thesis defense presentation,Fear
completed technological research,Neutral
got repeated exam,Sad
afraid left behind academically,Fear
got accepted prestigious academic society,Joy
roommate keep playing loud music,Angry
study session scheduled saturday,Neutral
got selected eternal academic fame,Joy
course credit system make sense,Angry
library close pm,Neutral
professor explains assignment clearly,Neutral
enjoyed field trip today,Joy
academic advisor lost faith completely,Sad
spreading rumor didnot,Angry
best firend got sick badly,Sad
worried impostor syndrome,Fear
professor teach advanced course,Neutral
grade low past semester,Sad
study group meet regularly,Neutral
completed practice problem,Neutral
failed course needed graduation,Sad
lecturer praised team work,Joy
got excluded important group project,Sad
donot like univeristy,Angry
feel good today,Joy
got cut research assistantship,Sad
worried presentation logistics,Fear
afraid academic performance evaluation,Fear
need check graduation requirement,Neutral
got selected ultimate academic recognition,Joy
library always overcrowded,Angry
grade disappointing parent,Sad
professor ignored question repeatedly,Angry
completed content analysis,Neutral
portal,Angry
research proposal need major revision,Sad
frustrated constant stress,Angry
reading course material,Neutral
study,Neutral
campus gym equipment always broken,Angry
anxious exam format change,Fear
glad joined todaysworkshop,Joy
got negative feedback presentation skill,Sad
academic mentor celebrating milestone,Joy
office hour pm,Neutral
group leader never listens anyone else,Angry
got selected exclusive academic program,Joy
fight someone,Sad
professor recommended ultimate recognition,Joy
professor criticized research design,Sad
professor doubt analytical ability,Sad
got accepted competitive research program,Joy
professor openly criticized idea,Angry
submitted field work report,Neutral
got recognition innovative research approach,Joy
admin always slow respond,Angry
comprehensive exam result disappointing,Sad
lunch student cafeteria,Neutral
found delious restaurant near mihintale,Joy
lecturer give mark specific student,Angry
felt joyful finishing task early,Joy
studying physic,Neutral
professor invited shape academic future,Joy
afford necessary lab material,Sad
delighted see name list,Joy
understand complex theory,Fear
thesis committee expressed serious concern,Sad
attended academic forum,Neutral
nervous oral presentation,Fear
received positive feedback supervisor,Joy
got criticized lack critical thinking,Sad
best friend univesity,Joy
fear project rejected,Fear
writing lab report,Neutral
fail exam,Sad
advisor never responds important email,Angry
got ineligible without knowing,Sad
academic progress completely stagnant,Sad
got excluded opportunity,Sad
got rejected affair,Sad
instructor refused provide guidance,Angry
got selected prestigious academic delegation,Joy
attended scholarly seminar,Neutral
got accepted academic institute,Joy
got research paper,Sad
scared giving wrong presentation,Fear
scared research presentation,Fear
best student batch,Joy
lost atm card today,Sad
completed health research,Neutral
exam hall ready,Neutral
library study room always dirty,Angry
completed data collection,Neutral
lost inter university debate competition,Sad
open mic night really joyful,Joy
research collaboration solving world problem,Joy
fell sick sport day,Sad
get good grade,Fear
checked exam timetable,Neutral
upload note tonight,Neutral
hate blamed something didnot,Angry
found perfect study group member,Joy
anxious upcoming exam schedule,Fear
attended tutorial session,Neutral
got rejected prestigious summer program,Sad
worried exam performance,Fear
got irritated administrative delay,Angry
completed comparative study,Neutral
worried presentation,Fear
unfair marking scheme,Angry
got irritated uncooperative team member,Angry
scored well quiz,Joy
advisor scheduled conflicting meeting,Angry
tired roomates loud,Angry
took note lecture,Neutral
submitted midterm reflection,Neutral
submitted developmental study,Neutral
professor disappointed beyond measure,Sad
afraid disappointing mentor,Fear
professor accommodate illness absence,Angry
campus transportation system unreliable,Angry
picked textbook bookstore,Neutral
professor provides detailed feedback,Neutral
great time library group study,Joy
completed online quiz,Neutral
research topic accepted,Joy
worried finding job graduation,Fear
hate univeristy culture,Angry
fear failing practical demonstration,Fear
anxious medical school interview,Fear
missed family,Sad
got rejected doctoral program,Sad
always power e urgent work,Angry
classmate intentionally delayed submission,Angry
research methodology adopted others,Joy
academic progress completely reversed,Sad
professor recommended divine academic status,Joy
professor criticized methodology severely,Sad
complete degree time,Sad
printing handout tomorrow,Neutral
got early admission graduate school,Joy
academic progress report discouraging,Sad
professor invited research conference,Joy
lecturer show ontime,Angry
attended academic colloquium,Neutral
afraid making wrong career choice,Fear
attended thesis committee meeting,Neutral
academic network creating universal positive change,Joy
submitted lab report,Neutral
lecturer sometime annoying,Angry
scared failing final year project,Fear
got panick viva,Fear
annoyed angry,Angry
academic achievement creating lasting change,Joy
fear failing entire semester,Fear
attended methodology session,Neutral
felt enraged unfair treatment lab,Angry
professor explain concept clearly,Angry
professor offered independent study opportunity,Joy
scared advisor criticism,Fear
got furious unfair evaluation,Angry
received scholarship notification today,Joy
could get seat exam hall,Sad
thesis defense flawless,Joy
professor sent course announcement,Neutral
classmate intentionally disrupted presentation,Angry
worried wonot get supervisor approval,Fear
got wait listed medical school,Sad
attended faculty development,Neutral
exam scheduled next month,Neutral
attended guest lecture,Neutral
lost wallet today vey sad,Sad
anxious freeze exam,Fear
exam start two week,Neutral
one listens try explain,Angry
struggling academic,Sad
read assigned chapter,Neutral
anxious technical jargon,Fear
attended mandatory orientation,Neutral
attended research symposium,Neutral
professor recommended nobel consideration,Joy
today club opening day,Neutral
campus parking fee ridiculously expensive,Angry
going computer lab,Neutral
joyful time preparing decoration,Joy
done pointless group meeting,Angry
nervous oral defense question,Fear
couldnot meet deadline upset,Sad
instructor refused acknowledge work,Angry
felt provoked group disagreement,Angry
academic mentor celebrating transcendent success,Joy
professor play favorite certain student,Angry
need print note,Neutral
miss grandmother,Sad
hate whole universe,Angry
could join sinhala society event,Sad
felt proud lead team task,Joy
research methodology changing world perspective,Joy
classmate dismissed contribution,Angry
worried excluded team,Fear
got mad friend,Angry
got nervous viva something,Fear
got invited exclusive academic retreat,Joy
could buy ticket concert,Sad
academic performance declining steadily,Sad
weather perfect outdoor class,Joy
succeed field,Fear
worried last minute change,Fear
professor play music study time,Angry
attended office hour session,Neutral
got selected vice president club,Joy
completed explanatory study,Neutral
lecturer never explains thing properly,Angry
independent girl,Neutral
breakthrough moment understanding theory,Joy
lab experiment result inconclusive,Sad
classmate disrespected academic work,Angry
completed cultural research,Neutral
attended group meeting,Neutral
glad managed answer question,Joy
academic calendar conflict holiday,Angry
miss grandmother,Sad
nervous class performance,Fear
scared losing confidence,Fear
anxious lab experiment result,Fear
community service project recognized,Joy
anxious living away family,Fear
met study group class,Neutral
friend went without telling,Sad
completed behavioral study,Neutral
felt provoked research criticism,Angry
worried fail organic chemistry,Fear
submitted methodological review,Neutral
reviewed assignment guideline,Neutral
worried social anxiety class,Fear
roommate leave mess everywhere,Angry
lost student id exam,Sad
campus maintenance work scheduled,Neutral
hackathon competition,Joy
went campus yesterday,Neutral
nervous class participation,Fear
angry raggers,Angry
ate full chicken rice,Neutral
attended scholarly presentation,Neutral
met bestfriend,Joy
submitted progress report,Neutral
professor refused positive evaluation,Sad
assign computer always working properly,Angry
submitted theoretical analysis,Neutral
attendance compulsory undergraduate face end exam,Angry
academic calendar change constantly,Angry
worried ddi submit right file,Fear
lecturer blamed u,Sad
celebrated friend success lab,Joy
missed registration exam,Sad
actually hate academic preassure,Angry
scared independent research project,Fear
never work need,Angry
academic committee questioned progress,Sad
study resource online,Neutral
ca work poor management,Angry
taking note lecture,Neutral
peaceful evening campus lake,Joy
attended scholarly meeting,Neutral
got selected ultimate universal recognition,Joy
angry redo assignment multiple time,Angry
reviewed theoretical framework,Neutral
nervous thesis defense,Fear
understand advanced concept,Fear
worried class ranking,Fear
submitted empirical study,Neutral
cafeteria serving pizza today,Neutral
enjoyed field trip much,Joy
completed interdisciplinary research,Neutral
one repeat subject,Sad
completed survey research,Neutral
meeting academic advisor,Neutral
reviewed sampling technique,Neutral
nervous academic future,Fear
received full tuition scholarship,Joy
university bureaucracy infuriating,Angry
academic goal seem unreachable,Sad
senior disturbing u,Angry
lecture scheduled,Neutral
worried thesis writing process,Fear
campus shuttle service consistently late,Angry
registered online course,Neutral
presentation tomorrow im really nervous,Fear
academic mentor completely withdrew support,Sad
got rejected competitive fellowship,Sad
afford next semester,Fear
got selected international academic program,Joy
campus job interview went perfectly,Joy
angry university system sri lanka,Angry
got enraged group conflict,Angry
academic advisor belief potential,Joy
copied full assignment,Angry
afford next semester,Fear
afraid academic probation,Fear
could attend vesak celebration,Sad
fear making fool,Fear
submitted critical review,Neutral
academic future requires major reconsideration,Sad
went study area study,Neutral
worried failing expectation,Fear
research finding revolutionizing human knowledge,Joy
got recommendation prestigious internship,Joy
nervous exam result,Fear
campus food service quality declined drastically,Angry
worried chemistry lab safety,Fear
submitted comparative analysis,Neutral
afraid disappointing mentor,Fear
research project completely discredited,Sad
happy code worked lab,Joy
professor questioned data analysis,Sad
experiment worked perfectly lab,Joy
fear wonot finish project time,Fear
filled course evaluation form,Neutral
bus campus arrives minute,Neutral
worry upcoming exam,Fear
sure pas final project,Fear
missed bus night class,Sad
research presentation received standing ovation,Joy
laptop crashed lost assignment,Sad
everything unfair,Angry
thesis proposal got rejected,Sad
professor questioned academic commitment,Sad
finished morning lecture,Neutral
balance academic social life,Sad
completed inferential research,Neutral
got invited present conference,Joy
campus newspaper published today,Neutral
got selected academic advisory committee,Joy
worried plagiarism accusation,Fear
scared group conflict,Fear
passed subject,Joy
academic network facilitating career advancement,Joy
today going meet family,Joy
missed bus colombo trip,Sad
exam season ready yet,Fear
result low,Sad
took great photo campus park,Joy
complete assignment due illness,Sad
startup got accepted accelerator program,Joy
completed bibliometric analysis,Neutral
failed project viva,Sad
failed comprehensive exam,Sad
felt frustrated project obstacle,Angry
worried student loan debt,Fear
felt insulted peer feedback,Angry
attended morning lecture usual,Neutral
happy rajarata uni student,Joy
worried fail organic chemistry,Fear
worried impostor syndrome,Fear
classmate ridiculed suggestion,Angry
classmate challenged aggressively,Angry
reviewed theoretical model,Neutral
completed community research,Neutral
professor offered position visionary leader,Joy
academic mentor expressed serious doubt,Sad
worried standardized test score,Fear
get research position applied,Sad
classmate took advantage effort,Angry
academic goal seem impossible achieve,Sad
got excluded honor recognition,Sad
got frustrated administrative delay,Angry
stressed final project,Fear
sad see,Sad
attended academic conference,Neutral
met rude friend univeristy,Sad
missed bus home,Sad
afraid failing internship,Fear
research idea accepted,Joy
attended department meeting,Neutral
today free day,Neutral
scared professional school admission,Fear
missed time spent together,Sad
worried research success,Fear
lost one friend,Sad
club meeting full laughter,Joy
chose wrong university,Fear
attended writing center appointment,Neutral
campus dining hour ridiculously limited,Angry
hate work load much handle,Angry
lecturer ignores question purpose,Angry
workd hard archieved target,Sad
got dropped advanced course,Sad
afraid failing program requirement,Fear
scared misunderstanding lecture material,Fear
afraid criticism,Fear
handle pressure,Fear
completed theoretical research,Neutral
professor said bright future,Joy
fail final exam,Fear
went group discussion,Neutral
academic achievement recognized university,Joy
worried career path uncertainty,Fear
anxious meeting advisor,Fear
professor expressed complete disappointment,Sad
roommate,Neutral
lecturer questioned academic ability,Sad
front applied building,Neutral
felt angered department decision,Angry
worried professional networking,Fear
academic achievement feel increasingly empty,Sad
vacation starting tommorow,Joy
worried failing assignment,Fear
passed semester exam first attempt,Joy
lab equipment always broken,Angry
thesis advisor leaving university,Sad
academic excellence award,Joy
scared competitive internship process,Fear
got first statistic,Joy
ac isnot working hall,Neutral
research project abandoned committee,Sad
instructor criticized teamwork,Angry
changed plan without telling,Angry
studying rajarata univeristy sri lanka,Neutral
professor offered co teaching opportunity,Joy
afraid failing practical exam,Fear
worried negative evaluation,Fear
professor recommended lifetime achievement,Joy
anxious lab experiment result,Fear
research project lost credibility,Sad
fell sick english day,Sad
got accepted academic pantheon,Joy
went lab practicals,Neutral
attendance rule ridiculous,Angry
attended academic workshop,Neutral
got highest mark exam,Joy
research finding completely dismissed,Sad
cried hard feel lonely,Sad
felt angered project rejection,Angry
got cut academic society,Sad
mess everything,Fear
scared competitive graduate school application,Fear
professor offered research position,Joy
scared ask help,Fear
classmate spread false rumor,Angry
worried maintaining gpa,Fear
got accepted cosmic academic consciousness,Joy
get recommendation letter professor,Sad
anxious peer collaboration,Fear
presentation went terribly wrong,Sad
nervous meeting deadline,Fear
worried clinical rotation performance,Fear
worried internship placement,Fear
partner rejecting,Sad
academic network providing valuable connection,Joy
professor gave unfair grade,Sad
submitted conference abstract,Neutral
friend nice,Joy
got funding international research trip,Joy
enjoyed cultural day campus,Joy
reviewed academic protocol,Neutral
study environment conducive,Neutral
seminar hall first floor,Neutral
afraid failing project milestone,Fear
worried professional networking,Fear
got sick unable go competition,Sad
assignment deadline next week,Neutral
debate,Joy
got enraged policy change,Angry
updated research proposal,Neutral
could eat canteen closed,Sad
research skill improving dramatically,Joy
campus wifi password changed,Neutral
attended professional development,Neutral
professor using new textbook,Neutral
delighted plan worked perfectly,Joy
thesis advisor completely unhelpful,Angry
discussion section meet twice weekly,Neutral
stand constant schedule change,Angry
submitted empirical paper,Neutral
peer review comment devastating,Sad
research proposal lack originality,Sad
got rejected prestigious fellowship,Sad
worried thesis topic approval,Fear
handle pressure,Fear
professor questioned analytical skill,Sad
professor teach three section,Neutral
reviewed scholarship criterion,Neutral
afraid letting team,Fear
felt sorry academic life,Sad
exam paper graded incorrectly,Angry
participated group discussion,Neutral
got perfect score comprehensive exam,Joy
failed mid exam,Sad
scared academic rejection,Fear
submitted assignment deadline,Neutral
dare insult,Angry
club outing highlight week,Joy
anxious writing skill,Fear
research finding influencing policy decision,Joy
afraid academically prepared,Fear
felt provoked research criticism,Angry
completed group work assignment,Neutral
lost note,Sad
photocopier fixed,Neutral
academic skill preparing future career,Joy
stopped relationship heart borken piece,Sad
missed bus campus today,Sad
internship application rejected,Sad
balance work study,Sad
win match,Sad
uploading slide,Neutral
passed mid exam successfully,Joy
worried gpa impact,Fear
missed partner living far away,Sad
attendace compulsory hate rule,Angry
bought new beautifull dress,Joy
frustration,Angry
professor offered partnership consulting work,Joy
got funding thesis research project,Joy
reviewed research finding,Neutral
scared independent research project,Fear
mad never explain expected,Angry
got four credit subject,Joy
danced together celebration,Joy
received academic excellence recognition,Joy
happy share lunch classmate,Joy
thesis defense scheduled poorly,Angry
class cancelled today,Neutral
best performer competiton,Joy
submitted reflection paper,Neutral
felt furious unfair deadline,Angry
work load high,Angry
felt one,Sad
beauiful clothes wear,Sad
felt angered peer behavior,Angry
thrilled see exam result,Joy
professor offered position strategic advisor,Joy
financial aid office lost paperwork,Angry
portal,Angry
anxious dissertation proposal,Fear
worried research funding,Fear
performed well mid exam,Sad
completed evaluative research,Neutral
missed last train home,Sad
academic advisor lost confidence,Sad
get feared presenation,Fear
annoyed angry,Angry
missed family,Sad
group leader rude,Angry
attended study skill workshop,Neutral
attendance compulsory undergraduate face end exam,Angry
worried thesis writing process,Fear
research project lost institutional support,Sad
classmate undermined progress,Angry
adapt university life,Fear
got accepted summer research fellowship,Joy
got funding research benefiting humanity,Joy
need check academic calendar,Neutral
got angry unexpected assignment change,Angry
best friend got university,Joy
hey,Neutral
angry university provide enough parking,Angry
assignment due next week,Neutral
got excluded department symposium,Sad
afraid ragging,Fear
classmate challenged ability unfairly,Angry
got rejected university recognition,Sad
anxious group presentation tomorrow,Fear
got rejected scholarly collaboration,Sad
instructor dismissed explanation abruptly,Angry
scared making mistake lab,Fear
failed important exam today,Sad
anxious understanding exam question,Fear
proud present project class,Joy
eating,Neutral
crush reject,Fear
scared public speaking class,Fear
attended methodology session,Neutral
course evaluation system biased,Angry
ok univeristy friend,Sad
could able,Fear
failed match,Sad
anxious meeting advisor,Fear
someone talking rudely,Angry
campus mental health resource insufficient,Angry
hate,Angry
completed data analysis,Neutral
aced chemistry exam today,Joy
academic work deemed completely inadequate,Sad
campus maintenance never fix anything,Angry
academic performance deteriorating rapidly,Sad
got frustrated conflicting feedback,Angry
paper got rejected student conference,Sad
classmate belittled idea repeatedly,Angry
played game common room,Joy
poem published literary magazine,Joy
afraid academic performance evaluation,Fear
study method proving completely inadequate,Sad
worried social anxiety class,Fear
laptop got stolen,Sad
professor assigns homework break period,Angry
submitting work tonight,Neutral
academic probation notice arrived today,Sad
worried upcoming job interview,Fear
keep giving u pointless assignment,Angry
excited start new project,Joy
environmental sustainability challenge,Joy
worried academic probation,Fear
angry roommate,Angry
felt betrayed group project partner,Angry
glad found helpful study group,Joy
scared voice shaky,Fear
landing teaching assistant position,Joy
professor mentioned work lecture,Joy
attended academic summit,Neutral
beat fight back,Angry
got frustrated project obstacle,Angry
got upset conflicting feedback,Angry
group meeting room,Neutral
fun walking around campus evening,Joy
got angry excluded team,Angry
got kicked honor program,Sad
attending workshop weekend,Neutral
professor questioned research ethic,Sad
hate exam near,Angry
academic mentor advocating success,Joy
due low attendance ineligible final exam,Sad
got accepted pinnacle academic society,Joy
got irritated lab partner mistake,Angry
got ineligible without knowing,Sad
friend talked behind back pretended like nothing happened,Angry
got rejected internship application,Sad
depatment health promotion,Neutral
classmate dismissed contribution,Angry
anxious balancing study personal life,Fear
group member sabotaged work,Angry
anxious comprehensive portfolio review,Fear
academic advisor doubt capability,Sad
feeling joyful vacation near,Joy
scolded lecturer today,Sad
reading research article,Neutral
completed archival research,Neutral
got irritated constant assignment change,Angry
classroom always noisy,Angry
attended scholarly presentation,Neutral
could attend inter faculty match,Sad
failed driving test third time,Sad
beat fight back,Angry
professor question choice major,Sad
got rejected graduate school,Sad
laboratory session went well,Neutral
reviewed research implication,Neutral
attended scholarly workshop,Neutral
afraid prepared enough,Fear
missed bus sport practice,Sad
ok univeristy friend,Sad
happy learn something new today,Joy
enjoyed football match class,Joy
fear thesis good enough,Fear
let know free,Neutral
batch top batch,Joy
good studying felt sad,Sad
professor return assignment promptly,Angry
met love univeristy,Joy
afford go home holiday,Sad
scholarship application denied,Sad
fear negative feedback lecturer,Fear
academic portfolio showcasing strong work,Joy
afraid public criticism,Fear
missed drama rehearsal due rain,Sad
research finding could make real impact,Joy
could go home christmas,Sad
classmate disrespected opinion,Angry
afraid group project failure,Fear
instructor unfairly compared student,Angry
got bad grade last semester,Sad
met rude friend univeristy,Sad
classmate sabotaged lab preparation,Angry
took part singing contest,Joy
anxious balancing work study,Fear
got funding transformative research program,Joy
fun planning next club event,Joy
like robot working without free time,Angry
afraid meeting deadline,Fear
completed research,Neutral
going faculty canteen,Neutral
graduate time,Fear
best friend transferred another university,Sad
academic poster competition prize,Joy
academic advisor seems disappointed,Sad
scared fieldwork assignment,Fear
cried feel sad today,Sad
updating presentation slide,Neutral
project got featured campus newsletter,Joy
submitted discussion board post,Neutral
lab session tomorrow morning,Neutral
academic advisor excited progress,Joy
mad student skip class still pas,Angry
happy share idea meeting,Joy
graduation day finally arrived successfully,Joy
completed interpretive study,Neutral
going refill water bottle,Neutral
check notice board later,Neutral
attended methodology workshop,Neutral
attended academic conference,Neutral
performed well mid exam,Sad
live want go home,Sad
research data got corrupted,Sad
scared missing important deadline,Fear
superviosr rejected research topic,Sad
scared academic criticism,Fear
study group want anymore,Sad
scared research presentation,Fear
actually hate academic preassure,Angry
got furious scholarship denial,Angry
scared speaking front class,Fear
worried academic recognition,Fear
angry university system sri lanka,Angry
scared project criticism,Fear
instructor ignored concern,Angry
updated course note,Neutral
attended academic roundtable,Neutral
donot like see face,Angry
work load much,Angry
got early admission law school,Joy
got furious lab evaluation error,Angry
give assignment freedom,Angry
got rejected special program,Sad
skip lunch due money,Sad
academic work criticized superficial,Sad
female,Neutral
financial aid significantly reduced,Sad
afraid course failure,Fear
got cut journal publication,Sad
coding project actually work,Joy
attendance compulsory exam fuck,Angry
wake every morninig,Neutral
got angry excluded team,Angry
professor gave harsh feedback project,Sad
peer evaluation score manipulated,Angry
hate blamed mistake,Angry
could submit lab report,Sad
timetable updated yesterday,Neutral
scared negative peer feedback,Fear
professor offered position think tank,Joy
completed action research,Neutral
library close early,Angry
professor offered position department head,Joy
missed deadline assignment submission,Sad
got lowest grade entire class,Sad
met funny guy university,Joy
summer internship application accepted,Joy
library full today,Neutral
academic mentor proud journey together,Joy
professor criticized writing severely,Sad
anxious comprehensive exam,Fear
campus facility modern,Neutral
scared public speaking failure,Fear
submitted technical report,Neutral
got lower grade expected final,Sad
academic performance reached new low,Sad
fun working group task class,Joy
went ruwanweliseya yesterday,Neutral
afford study abroad program,Sad
enjoyed chatting roommate,Joy
got accepted exclusive doctoral program,Joy
anxious presentation timing,Fear
checking grade online,Neutral
felt provoked administrative issue,Angry
perform well final exam,Sad
participated class survey,Neutral
submitted political study,Neutral
got disappointing result standardized test,Sad
research finding illuminating universal truth,Joy
hate rude senior,Angry
completed course evaluation,Neutral
timetable last week,Neutral
water supply hour,Angry
got furious negative peer review,Angry
lost note,Sad
entrepreneurship challenge,Joy
research finding contributing field knowledge,Joy
academic mentor celebrating historic achievement,Joy
afraid failing internship,Fear
walking admin office,Neutral
senior disturbing u,Angry
got angry lack academic support,Angry
professor offered position program director,Joy
campus constantly cutting,Angry
afraid failing final exam,Fear
canteen rice curry today,Neutral
worried submitting time,Fear
academic work lack sufficient depth,Sad
worried submitting late assignment,Fear
missed important lab practical,Sad
professor accommodate learning difference,Angry
scared making mistake lab,Fear
cried feel sad today,Sad
like robot working without free time,Angry
classmate took credit group work,Angry
made lifelong friend dormitory,Joy
afraid public speaking assignment,Fear
got recognition academic department,Joy
scared meeting expectation,Fear
professor refused involvement,Sad
completed group presentation prep,Neutral
anxious fellowship application,Fear
sure graduate time,Fear
boyfriend talking another girl,Angry
attended peer mentoring,Neutral
professor show late every class,Angry
worried thesis review,Fear
campus parking permit expires soon,Neutral
unity among batch mate,Angry
research finding getting attention expert,Joy
nervous oral defense,Fear
reviewed syllabus requirement,Neutral
got excluded department honor,Sad
nervous exam performance,Fear
lecturer cutoff mark get expect result,Angry
cope academic pressure,Sad
professor recommended leadership role,Joy
professor expressed disappointment openly,Sad
happy progress,Joy
academic achievement opening new door,Joy
attended thesis defense,Neutral
enjoying homies,Joy
professor offered position institute fellow,Joy
professor said work groundbreaking,Joy
academic mentor introducing opportunity,Joy
scared smart enough program,Fear
hate work load much handle,Angry
nervous viva panel,Fear
felt mocked discussion session,Angry
professor said thesis publication ready,Joy
got excluded department activity,Sad
professor praised innovative solution,Joy
experiment failed month work,Sad
noisy roomates hate,Angry
nervous project presentation,Fear
got funding research changing humanity,Joy
got scared,Fear
professor recommended university chair,Joy
got cut competitive academic program,Sad
felt provoked sarcasm,Angry
worried family financial struggle,Fear
got frustrated repeated failure,Angry
quiz next monday,Neutral
got accepted competitive summer program,Joy
handle course workload,Fear
professor respond email,Sad
got funding groundbreaking research initiative,Joy
attended peer review session,Neutral
got selected international research team,Joy
academic goal require complete reassessment,Sad
smiling whole day today,Joy
got accepted prestigious summer program,Joy
scared submit incomplete assignment,Fear
got invitation join research consortium,Joy
hostel internet night,Sad
secure research position,Fear
photocopy shop closed,Neutral
submitted assignment time,Neutral
scared professional school admission,Fear
professor assigns group work unfairly,Angry
scholarship get revoked,Fear
felt enraged academic injustice,Angry
much work time even self study something new,Angry
done class,Neutral
lovely evening campus,Joy
failed four credit subject,Sad
lecturer sometime annoying,Angry
found affordable textbook online,Joy
scared participate discussion,Fear
taking note lecture,Neutral
scared academic mistake,Fear
worried losing scholarship,Fear
professor ignored question class,Angry
get ticket graduation ceremony,Sad
laughed much today,Joy
got slected th year,Joy
instructor ignored email repeatedly,Angry
afraid forget important point,Fear
joining group meeting,Neutral
professor said ready advanced research,Joy
joined new student organization,Neutral
campus dining plan option expensive,Angry
hate univeristy culture,Angry
failed midterm exam despite studying hard,Sad
worried course outcome,Fear
borrowed book library,Neutral
professor invited academic conference,Joy
library close pm tonight,Neutral
residence hall rule way strict,Angry
instructor questioned research integrity,Angry
friend absent today,Sad
course material outdated,Angry
campus dirty nobody care,Angry
landed amazing internship opportunity,Joy
completed longitudinal analysis,Neutral
got rejected academic program,Sad
met mom,Joy
professor posted new slide online,Neutral
could buy tea canteen,Sad
study progress steady,Neutral
professor offered position research lab,Joy
nervous faculty judgment,Fear
anxious qualifying examination,Fear
nervous meeting expectation,Fear
got low grade every exam,Sad
lab assistant unprofessional,Angry
completed environmental research,Neutral
lab computer updated,Neutral
reviewed conference proceeding,Neutral
academic paper got positive peer review,Joy
campus bookstore overcharge everything,Angry
completed normative research,Neutral
registration system crashed enrollment,Angry
course syllabus keep changing,Angry
campus event poorly organized,Angry
got rejected scholarly conference,Sad
study habit proving ineffective repeatedly,Sad
attended research seminar,Neutral
lecturer shouted front class,Sad
completed quantitative analysis,Neutral
got internship,Joy
clothes missing hostel,Angry
nervous presenting class,Fear
course website never updated,Angry
anxious fellowship application,Fear
noisy classroom disturbed,Angry
documentary film festival award,Joy
worried failing prerequisite,Fear
professor invited establish new program,Joy
friend teased rural accent,Sad
course prerequisite clearly stated,Angry
argument friend,Joy
terrified tomorrow final exam,Fear
willl meet lecture,Neutral
always last complete task,Fear
research collaboration creating better world,Joy
attended scholarly debate,Neutral
power cut study period time,Angry
got dream job offer graduation,Joy
felt provoked group disagreement,Angry
met nice friend univeristiy,Joy
lost research note right submission,Sad
submitted assignment time,Neutral
reviewed peer feedback,Neutral
went batch meeting,Neutral
worried student loan debt,Fear
stress gpa,Fear
forgot id card room,Neutral
internet slow even browse,Angry
stand ignored classmate,Angry
research data accidentally deleted,Angry
thesis proposal completely dismissed,Sad
afraid asking professor help,Fear
worried viva location,Fear
sick unable face mid exam,Sad
drama rehearsal entertaining,Joy
roommate keep fighting,Sad
instructor showed bias grading,Angry
campus shuttle schedule posted,Neutral
classmate ignored suggestion,Angry
worried research project deadline,Fear
academic advisor seems uninterested,Sad
anxious backup plan,Fear
found subject truly inspires,Joy
got blamed group project failure,Angry
get teaching assistant position,Sad
scared present front stranger,Fear
worried research deadline,Fear
every viva nicely,Joy
class timing unreasonable,Angry
good enough,Fear
completed statistical analysis,Neutral
participated group project meeting,Neutral
lecturer always blaming without valid reason,Angry
worried course load,Fear
get enough support supervisor,Sad
lost first class,Sad
anxious qualifying examination,Fear
academic achievement feel meaningless,Sad
hostel joke,Angry
parent proud academic achievement,Joy
perfect attendance award semester,Joy
instructor ignored project concern,Angry
attended lab session,Neutral
scared graduate school interview,Fear
professor questioned research method,Sad
applied summer internship,Neutral
missed everything,Sad
water supply hour,Angry
terrified tomorrow final exam,Fear
completed project outline,Neutral
academic conference accepted abstract,Joy
waiting near main gate,Neutral
lecturer show ontime,Angry
study space available,Neutral
one care project,Angry
class quiz competition,Joy
received encouraging email department head,Joy
afraid academic competition,Fear
need update student information,Neutral
app reached downloads,Joy
secure research position,Fear
assignment portal,Neutral
academic goal completely shattered,Sad
updated linkedin profile,Neutral
met love univeristy,Joy
instructor ignored email repeatedly,Angry
finished morning lecture,Neutral
completed economic research,Neutral
going stationery shop,Neutral
lab session tomorrow,Neutral
completed laboratory study,Neutral
campus shuttle run every minute,Neutral
wonderful moment art workshop,Joy
scared research failure,Fear
fear fail practical exam,Fear
got rejected leadership program,Sad
completed peer review assignment,Neutral
got mad friend,Angry
family attend graduation,Sad
instructor dismissed concern publicly,Angry
professor questioned research integrity,Sad
research funding cut without notice,Angry
worried research project deadline,Fear
nice time decorating event hall,Joy
got accepted competitive residency,Joy
assignment deadline next week,Neutral
academic work lack originality according professor,Sad
finished project early,Joy
academic presentation skill improving rapidly,Joy
reviewed validity measure,Neutral
failed important subject,Sad
never listen,Angry
groupmates didnot contribute,Angry
got pas exam,Joy
meeting study group pm,Neutral
classmate misrepresented work,Angry
never fix broken air conditioning,Angry
reviewed analytical method,Neutral
get lab wanted,Sad
presentation scheduled friday,Neutral
missed viva illness,Sad
got recognition community service work,Joy
attended academic workshop,Neutral
working problem set,Neutral
got selected highest academic honor,Joy
submitted social research,Neutral
need review lecture note,Neutral
got funding independent research project,Joy
felt provoked peer behavior,Angry
missed internship opportunity really hoping,Sad
social impact project got funded,Joy
worried final exam result,Fear
afraid poor lab result,Fear
scared calculus placement test,Fear
group member irresponsible,Angry
sustainability innovation award,Joy
complete degree requirement time,Sad
afraid upcoming exam,Fear
instructor publicly criticized work,Angry
got cut research publication,Sad
grade low past semester,Sad
worried meeting academic expectation,Fear
study session productive,Neutral
great time univeristy,Joy
afraid failing major assessment,Fear
scared comprehensive exam failure,Fear
scared ignored group work,Fear
never provide enough resource,Angry
biased,Angry
attended study session,Neutral
got cut research publication,Sad
hate always compare student unfairly,Angry
got lower expected mcat score,Sad
mental health really struggling,Sad
picnic campus garden fun,Joy
got cut scholarly presentation,Sad
happy today birthday,Joy
attended academic forum,Neutral
got rejected affair,Sad
eat best fried rice,Joy
scared senior,Fear
roommate conflict making dorm life difficult,Sad
get medical school,Fear
got selected club president,Joy
today rice curry eat,Neutral
got rejected graduate assistantship,Sad
instructor unfairly compared others,Angry
class attendance mandatory,Neutral
felt angered group meeting conflict,Angry
sometimes bad everything,Sad
heading lecture hall,Neutral
felt angered peer plagiarism,Angry
first year student,Neutral
project report rejected panel,Sad
scared comprehensive examination,Fear
campus internet slow today,Neutral
friend wait canteen,Sad
scared calculus placement test,Fear
charging laptop,Neutral
submitted policy research,Neutral
dance performance received standing ovation,Joy
got irritated research resource shortage,Angry
research approach deemed fundamentally flawed,Sad
went boc bank yesterday,Neutral
fell front canteen,Sad
anxious roommate compatibility,Fear
disappoint parent,Fear
afriad rude senior,Fear
academic support service inadequate,Angry
attended scholarly conference,Neutral
annoyed right,Angry
scared smart enough program,Fear
afraid rejection fellowship,Fear
celebrated finishing assignment,Joy
instructor questioned competency,Angry
fear technology working presentation,Fear
presentation tommorow,Fear
scared challenge professor,Fear
mad one take responsibility,Angry
submitted weekly journal,Neutral
glad teach friend new skill,Joy
felt furious research criticism,Angry
angry raggers,Angry
research finding informing public policy,Joy
academic journey exceeding wildest dream,Joy
favorite professor invited collaborate,Joy
professor seem like idea,Sad
scared living,Fear
campus climate control system malfunction,Angry
got best result exam,Joy
attended academic support session,Neutral
anxious criticism peer,Fear
could pay library fine,Sad
bought new pen,Neutral
submitted form office,Neutral
reviewed conceptual framework,Neutral
completed basic research study,Neutral
felt good finishing viva,Joy
physical deparment,Neutral
got expect result exam,Joy
updated course schedule,Neutral
proud debate performance,Joy
scared wonot remember exam formula,Fear
got low mark continuous assessment,Sad
fear speaking front stranger,Fear
going graduate next month,Joy
completing daily reading list,Neutral
missed career guidance workshop,Sad
mobile app got featured tech news,Joy
academic achievement inspiring countless others,Joy
completed online module,Neutral
exam saddest situation,Sad
send mail leacturer,Neutral
fear able finish exam,Fear
library lunch,Neutral
completed bibliographic research,Neutral
academic achievement inspiring infinite possibility,Joy
class size student,Neutral
campus tour start noon,Neutral
missed lecture today,Sad
scared peer criticism,Fear
got angry scholarship denial,Angry
professor offered teaching assistant position,Joy
got low grade,Sad
study group member plagiarized work,Angry
angry disorganized whole system,Angry
repeat four subject,Sad
classmate belittled idea repeatedly,Angry
handle course workload,Fear
attended information session,Neutral
attended academic symposium,Neutral
study room reserved tonight,Neutral
passed every exam first attempt happy,Joy
academic mentor abandoned supervision,Sad
worried comparing others,Fear
lost academic scholarship due grade,Sad
reviewed data quality,Neutral
felt provoked department decision,Angry
anxious fitting,Fear
happy today,Joy
got excluded research conference,Sad
someone talking rudely,Angry
hate way group member slack,Angry
study abroad application denied,Sad
got invitation transcend academic boundary,Joy
anxious living away family,Fear
today leatures,Neutral
laughed lot break today,Joy
went see doctor,Neutral
enjoyed wonderful lunch friend today,Joy
got upset unfair grading curve,Angry
professor respect student opinion,Angry
anxious roommate compatibility,Fear
study guide cover main topic,Neutral
came unscheduled lecture informed,Angry
professor refused provide feedback,Angry
reviewed course objective,Neutral
felt provoked peer competition,Angry
academic goal require complete abandonment,Sad
felt cheated exam scoring,Angry
professor refused write recommendation letter,Sad
roommate,Neutral
design architecture competition,Joy
power cut ruined online lecture,Sad
fear forgetting research data,Fear
finally understood calculus concept,Joy
bus arriving minute,Neutral
anxious unclear instruction,Fear
projector always stop working lecture,Angry
take nap lecture,Neutral
everything always chaotic,Angry
assignment topic interesting,Neutral
campus bookstore sale,Neutral
professor criticized theoretical framework,Sad
department biology department,Neutral
frustrated nothing ever get fixed,Angry
reviewed research outcome,Neutral
computing department,Neutral
scared judged senior,Fear
professor discriminates certain student,Angry
felt enraged lab partner mistake,Angry
worried research method,Fear
instructor showed bias grading,Angry
lecturer refused independent study request,Sad
sitting near sport ground,Neutral
work project later,Neutral
professor invited paper,Joy
finally mastered differential equation,Joy
weather nice morning,Neutral
laptop lenovo,Neutral
cancel trip,Sad
scared answer unexpected question,Fear
professor loved presentation,Joy
attended scholarly symposium,Neutral
academic achievement inspiring next generation,Joy
classmate ridiculed finding,Angry
professor recommended visiting scholar position,Joy
scared competitive graduate school application,Fear
lift working today,Neutral
campus event calendar updated,Neutral
failed meet professor expectation,Sad
submitted conference paper,Neutral
got angry mentor ignored request,Angry
got accepted dream program,Joy
got harsh comment peer evaluation,Sad
worried upcoming job interview,Fear
scholarship reduced without explanation,Angry
monkey everywhere,Neutral
classmate disrespected contribution,Angry
got accepted medical school,Joy
fun shopping trip classmate,Joy
worried project submission,Fear
lab partner hel,Angry
tomorrow exam manage lesson today,Fear
hi guy,Neutral
submitted working paper,Neutral
studying physical department,Neutral
got selected final match,Joy
argument classmate escalated quickly,Angry
got upset unfair participation mark,Angry
professor criticized writing severely,Angry
failed practical exam miserably,Sad
academic mentor belief research,Joy
understand advanced mathematics,Sad
scared ask question lecture,Fear
afraid academically prepared,Fear
fail licensing exam,Fear
grade recorded incorrectly,Angry
scholarship application got approved,Joy
worried time management skill,Fear
academic achievement attracting medium attention,Joy
attended academic symposium,Neutral
need complete course evaluation,Neutral
fear poor presentation skill,Fear
classmate challenged methodology aggressively,Angry
professor grading assignment,Neutral
get competitive course,Sad
academic advising system broken,Angry
got highest grade organic chemistry,Joy
meeting main hall,Neutral
reviewed research methodology,Neutral
feel proud latest assignment,Joy
need return library book,Neutral
worried career path uncertainty,Fear
cired lot yesterday,Sad
anxious future job prospect,Fear
afraid ask question class,Fear
handle advanced coursework,Fear
attended scholarly symposium,Neutral
professor showed enthusiasm project,Sad
sport practice ended good game,Joy
classmate undermined progress,Angry
scared lose concentration,Fear
redo work,Angry
grade appeal denied unfairly,Angry
feel lonely,Sad
part time job,Neutral
got furious project rejection,Angry
research methodology heavily criticized,Sad
lab equipment reservation cancelled,Angry
person cunning,Angry
classmate disrespected opinion,Angry
attended scholarly workshop,Neutral
attended research conference,Neutral
submitted journal article,Neutral
completed experimental design,Neutral
got irritated unfair deadline,Angry
got failed credit subject,Sad
scared ask extension,Fear
enjoyed seminar guest speaker,Joy
lost important note final exam,Sad
need rest,Neutral
performance earned critic acclaim,Joy
worried academic conference presentation,Fear
missed bus exam,Sad
taking break studying,Neutral
attended interdisciplinary seminar,Neutral
professor graded exam unfairly,Angry
afraid failing statistic course,Fear
scared peer judgment,Fear
afraid disappointing peer,Fear
afraid asking professor help,Fear
registered new semester,Neutral
lost patience academic meeting,Angry
professor give impossible assignment,Angry
farewell party much fun,Joy
professor encourages question,Neutral
workd hard archieved target,Sad
reviewed theoretical concept,Neutral
repeat four subject,Sad
got selected academic leadership program,Joy
classmate sabotaged presentation,Angry
got angry scholarship rejection,Angry
could afford study tour,Sad
professor unfairly penalized submission,Angry
enjoyed laughter cafeteria,Joy
rajaratauniveristy,Neutral
got invited honor society,Joy
reviewed research impact,Neutral
scared oral examination,Fear
got rejected honor society,Sad
cat got died,Sad
research collaboration winning global recognition,Joy
completed methodical analysis,Neutral
really happy project got approved,Joy
completed online discussion,Neutral
academic mentor proud development,Joy
meet language requirement,Sad
research methodology inspiring innovation,Joy
submitted theoretical paper,Neutral
study group disbanded due conflict,Sad
worried time management skill,Fear
got excluded research opportunity,Sad
missed cultural night dance practice,Sad
often face great difficulty,Angry
professor criticized fundamental understanding,Sad
worried forgetting content,Fear
could go batch trip,Sad
kill,Angry
could pay lab chemical,Sad
worried internship opportunity,Fear
wiritng letter,Neutral
feeling vey heavy,Sad
invention got patent approval,Joy
project partner took credit,Angry
afraid failing course,Fear
classmate intentionally misrepresented work,Angry
need buy new pen,Neutral
cried hard feel lonely,Sad
professor offered mentorship opportunity,Joy
professor nominated university award,Joy
mathematics olympiad,Joy
study skill inadequate current level,Sad
lost first match sport meet,Sad
completed participatory research,Neutral
research rejected,Fear
classmate questioned dedication,Angry
instructor overlooked achievement,Angry
research interest supported,Sad
thesis defense went exceptionally well,Joy
artwork sold student exhibition,Joy
scared academic mistake,Fear
boyfriend talking another girl,Angry
worried complexity research,Fear
succeed field,Fear
anxious laboratory practical exam,Fear
happy gorup member,Joy
campus look clean today,Neutral
sleepy,Neutral
nervous failing research project,Fear
laughed lot group discussion,Joy
wen medical center,Neutral
could attend wedding,Sad
fear stumble word,Fear
professor changed assignment requirement last minute,Angry
ineligbled exam witohut knowing,Sad
got rejected dream internship program,Sad
group presentation next thursday,Neutral
completed research,Neutral
angry every time batch meeting,Angry
attended research seminar,Neutral
anxious thesis proposal defense,Fear
course workload completely unreasonable,Angry
best friend transferred different university,Sad
got excluded academic delegation,Sad
afraid meeting deadline,Fear
person cunning,Angry
professor criticized entire approach,Sad
received low mark project,Sad
project funding denied,Sad
anxious professor expectation,Fear
biased,Angry
could afford hostel fee,Sad
research direction completely misdirected,Sad
academic mentor introduced expert,Joy
enjoyed photo booth festival,Joy
campus gym open,Neutral
shared success story class,Joy
presentation monday,Fear
cancel trip,Sad
fear embarrassed group work,Fear
hostel water supply stopped day,Sad
research methodology inspiring global transformation,Joy
felt frustrated repeated unfair grading,Angry
professor offered position academic icon,Joy
friend poor,Sad
professor refused research supervision,Sad
afraid disappointing mentor,Fear
got highest grade challenging course,Joy
notice board new update,Neutral
scared failing research project,Fear
research got featured scientific journal,Joy
fun time visiting another faculty,Joy
nervous advisor disapproval,Fear
study tip helpful,Neutral
checked eis,Neutral
reviewed methodological approach,Neutral
handle academic stress,Fear
nervous comprehensive exam,Fear
completed dissertation chapter,Neutral
meet professor high standard,Sad
scared thesis committee meeting,Fear
professor follow posted office hour,Angry
one say love personality,Joy
classmate ridiculed finding,Angry
internship application declined,Sad
angry university listen student voice,Angry
classmate loved presentation,Joy
professor questioned basic competence,Sad
tommorow monday,Neutral
worried clinical rotation performance,Fear
instructor ignored improvement effort,Angry
worried academic conference presentation,Fear
got funding interdisciplinary research project,Joy
got cut possible program,Sad
failed everything,Sad
campus parking enforcement excessive,Angry
friend made day special today,Joy
enjoyed ice cream lecture,Joy
attended academic networking event,Neutral
study approach yielding poor result,Sad
work load much,Angry
startup got investment angel investor,Joy
joyful today,Joy
wi fi slow hostel today,Neutral
completed systematic review,Neutral
cat got died,Sad
worried assignment,Fear
drank lot water,Neutral
lecturer give mark specific student,Angry
got great internship,Joy
sad life,Sad
missed bus morning,Neutral
study method effective,Neutral
professor invited academic immortality,Joy
donot good friend,Sad
got rejected academic conference,Sad
worried project evaluation,Fear
afraid unprepared,Fear
afraid prepared enough,Fear
got rejected everything applied,Sad
fear disappointing family,Fear
lecturer always blaming without valid reason,Angry
got selected exclusive exchange program,Joy
scared meeting expectation,Fear
received job offer graduation,Joy
attended academic meeting,Neutral
system slow outdated,Angry
attended department seminar,Neutral
reviewed ethical guideline,Neutral
balance multiple commitment,Sad
academic skill enabling societal contribution,Joy
afraid disappointing family expectation,Fear
angry expect u everything perfectly,Angry
lecturer always pick favorite,Angry
team member working properly hate,Angry
submitted case study analysis,Neutral
afraid failing major exam,Fear
get accepted study abroad,Sad
groupmates didnot contribute,Angry
attended scholarly forum,Neutral
afraid making presentation mistake,Fear
missed important tutorial class today,Sad
worried mental health declining,Fear
professor offered opportunity,Joy
constantly shift deadline tell u,Angry
classmate took advantage effort,Angry
academic network spanning multiple continent,Joy
professor offered position academic nirvana,Joy
afraid fitting socially,Fear
research finding changing field perspective,Joy
copied full assignment,Angry
canteen long queue,Neutral
happy first class degree,Joy
got rejected academic exchange program,Sad
energetic dance practice,Joy
could pay internet package,Sad
made meaningful connection industry professional,Joy
attended research workshop,Neutral
attended scholarly workshop,Neutral
got bad grade last semester,Sad
lost lab coat,Sad
submitted comparative study,Neutral
ate yummy rice,Joy
worried voice shake,Fear
canot work poor management,Angry
academic mentor nominating honor,Joy
instructor dismissed concern publicly,Angry
sad life,Sad
worried poor recommendation letter,Fear
class start sharp,Neutral
joyful chat senior,Joy
afraid intellectually capable,Fear
felt frustrated lack guidance,Angry
professor invited academic eternity,Joy
furious senior keep harassing junior,Angry
professor nominated national award,Joy
almost done slide,Neutral
match another faculty,Joy
nervous lab experiment result,Fear
worried thesis topic approval,Fear
fear forgetting line,Fear
today supervisor praised work,Joy
completed peer evaluation,Neutral
study hall quiet today,Neutral
wake,Neutral
professor invited academic board,Joy
discovered campus amazing resource,Joy
dean list third semester,Joy
could buy food canteen,Sad
cancel trip,Sad
professor posted new slide online,Neutral
low gpa currently,Sad
worried hard work wonot recognized,Fear
professor offered position among academic legend,Joy
robotics competition,Joy
teamwork really paid time,Joy
sometimes roomates angry reason,Angry
scared making mistake lab,Fear
failure love,Sad
great lecture time,Joy
lecture postponed tommorow,Neutral
innovation showcase,Joy
felt furious unfair deadline,Angry
hate stuck long group discussion go nowhere,Angry
innovation project got venture funding,Joy
low gpa currently,Sad
unlucky everything get fails,Sad
academic integrity process flawed,Angry
research skill applicable industry need,Joy
completed pilot study,Neutral
submitted quiz online,Neutral
glad joined university club,Joy
wen playground,Neutral
nervous performance assessment,Fear
submitted applied research,Neutral
thesis committee impressed progress,Joy
campus wifi constantly,Angry
online learning platform crash frequently,Angry
completed educational research,Neutral
work cooperately,Angry
nervous seminar,Fear
professor hold review session,Neutral
received outstanding student award,Joy
got excluded project team,Sad
projector screen small,Neutral
often face great difficulty,Angry
passed exam,Joy
sure pas exam,Fear
got rejected fellowship application,Sad
enjoyed much fresher night party,Joy
senior keep bullying junior,Angry
hate support mental health,Angry
submit project idea,Angry
projector isnot working class,Neutral
research time,Fear
felt enraged project delay,Angry
got accepted prestigious academic fellowship,Joy
afraid practical time,Fear
exam application called,Neutral
missed everything,Sad
got funding research project,Joy
happy get extra mark test,Joy
pas exam,Joy
timetable say class,Neutral
returned book library,Neutral
afraid ridiculed classmate,Fear
academic journey becoming legendary inspiration,Joy
nervous academic deadline,Fear
nervous lab evaluation,Fear
professor offered position intellectual giant,Joy
afraid public speaking assignment,Fear
lost spectacle lecture,Sad
preparing presentation slide,Neutral
rag,Fear
completed cognitive research,Neutral
got,Joy
anxious professor recommendation,Fear
fear forgetting speech viva,Fear
got excluded university honor,Sad
academic achievement leading opportunity,Joy
worried group member cooperating,Fear
group project got highest mark,Joy
professor assigned reading material,Neutral
mad every one right,Angry
hate long queue cafeteria,Angry
graduate time,Fear
worried wonot remember speech,Fear
feel mad friend,Angry
friend inform closing date project proposal submission,Angry
academic skill making meaningful difference,Joy
attended research conference,Neutral
professor recommended academic award,Joy
nervous crush,Fear
group project successful done,Joy
nervous group project performance,Fear
phone got stolen bus,Sad
got c minus exam okey,Sad
vacation postponed indefinitely,Sad
balance work study,Fear
research finding dismissed irrelevant,Sad
nervous academic probation,Fear
get scholarship desperately needed,Sad
afraid unprepared lab,Fear
feel left batch,Sad
sitting campus garden,Neutral
system crashed submission yesterday,Angry
academic skill transferring professional world,Joy
scared oral exam,Fear
professor wrote excellent recommendation letter,Joy
professor provide study material,Angry
campus construction noise disrupts class,Angry
afraid disappointing research supervisor,Fear
go hostel nap,Neutral
worried department evaluation,Fear
campus dining hall hour changed,Neutral
name sudesh,Neutral
research finding deemed insignificant,Sad
professor questioned research method,Sad
lecturer late lecture,Angry
earned mark rom viva,Joy
going meet first love tommorw happy,Joy
judge,Angry
mad held lecture even poydays,Angry
anxious peer evaluation feedback,Fear
attended research workshop,Neutral
lowes mark project,Sad
afraid academic integrity violation,Fear
keep ignoring,Angry
lecturer late lecture,Angry
scared lab accident,Fear
submitted analytical report,Neutral
scared weakest student class,Fear
group member contribute equally,Sad
angry roommate,Angry
got selected prestigious fellowship,Joy
afraid research rejection,Fear
received gift friend,Joy
scared living,Fear
afraid disappointing professor,Fear
power outage ruined whole assignment,Angry
need complete online module,Neutral
system crashed submission,Angry
academic plan completely derailed,Sad
get medical school,Fear
instructor criticized approach harshly,Angry
hate everyone try pas blame,Angry
happy grade,Joy
anxious group presentation tomorrow,Fear
afraid research rejection,Fear
classmate mocked academic style,Angry
submitted statistical report,Neutral
textbook price absolutely outrageous,Angry
sick group member replying time,Angry
cafeteria full today,Neutral
got excluded department activity,Sad
felt angered failed experiment result,Angry
get popular elective course,Sad
anxious research ethic approval,Fear
tommorrow proposal presentation,Fear
succesfully done presenations,Joy
angry one respect deadline,Angry
sm playing hockey,Neutral
research topic reject,Sad
exam dobi free,Joy
worried mental health declining,Fear
felt disrespected teaching assistant,Angry
need buy textbook chemistry class,Neutral
worried failing multiple subject,Fear
campus activity fair tomorrow,Neutral
paper got published student journal,Joy
attended academic retreat,Neutral
lecturer uploaded file,Neutral
professor extended deadline,Neutral
got accepted exclusive mentorship program,Joy
scared meeting deadline,Fear
professor refused supervise work,Sad
friend lied pissed,Angry
explained hundred time get frustrating,Angry
people bodyshame,Angry
afraid making wrong decision,Fear
missed train go back home,Sad
senior aggressive towards u,Angry
worried research funding,Fear
furious stay late every day,Angry
professor said work inspires others,Joy
felt one,Sad
scared fieldwork assignment,Fear
got lot gift friend today,Joy
going library study,Neutral
felt enraged lab mistake beyond control,Angry
joyful dinner batchmates,Joy
lab locked,Angry
afford required textbook,Sad
afraid academically behind,Fear
worried missing course prerequisite,Fear
research methodology criticized inadequate,Sad
exam format nothing like promised,Angry
one repeat subject,Sad
scared academically weak,Fear
lost everything except life,Sad
felt furious unfair evaluation,Angry
got selected final match,Joy
relaxing time finishing work,Joy
lost seat shuttle bus,Sad
prepared upcoming exam,Neutral
enjoyed trip nuwaraeliya,Joy
lecturer disappointed performance,Sad
academic progress slower expected,Sad
enjoyed snack class ended,Joy
could submit internship report,Sad
admin staff rude unhelpful,Angry
professor offered position new research center,Joy
professor said work good enough,Sad
missed important deadline application,Sad
academic conference rejected abstract,Sad
scared future career prospect,Fear
got cut departmental recognition,Sad
felt furious repeated rejection,Angry
professor expressed serious concern publicly,Sad
hate,Angry
professor said writing need major improvement,Sad
scared research error,Fear
finish project face exam successfully,Fear
never listen,Angry
professor invited academic hall fame,Joy
got accepted leadership program,Joy
missed family badly,Sad
lecturer always end class early waste time,Angry
hate raggers annoying,Angry
low gpa upto,Sad
got invitation shape future education,Joy
completed organizational study,Neutral
one care project,Angry
worried losing funding,Fear
afraid left program,Fear
group work impossible one care,Angry
professor give subjective grade objective test,Angry
lecture today,Neutral
research methodology setting new standard,Joy
reviewed research significance,Neutral
made dean list semester,Joy
professor disappointed research quality,Sad
internship coordinator incompetent,Angry
academic network driving positive change,Joy
need print assignment class,Neutral
submitted critical analysis,Neutral
mentor offered great career advice,Joy
attended graduate seminar,Neutral
nervous meeting supervisor,Fear
professor recommended distinguished chair,Joy
got rejected academic workshop,Sad
research collaboration yielding exciting result,Joy
professor criticized every aspect harshly,Sad
professor prepare lecture,Angry
got irritated exam scoring error,Angry
received student excellence scholarship,Joy
group leader dictator,Angry
handle academic stress,Fear
attended scholarly forum,Neutral
campus debate competition,Joy
professor cancelled office hour without warning,Angry
class got cancelled due weather,Neutral
scared speaking front class,Fear
angry every time batch meeting,Angry
scared mess viva,Fear
hate senior always bos u around,Angry
completed collaborative project,Neutral
anxious grading system,Fear
attended academic panel,Neutral
hungry food yummy,Angry
attended research colloquium,Neutral
professor refused thesis direction,Sad
one senior scolded u,Sad
professor questioned theoretical understanding,Sad
got upset project denial,Angry
laptop got stolen,Sad
qualify advanced placement,Sad
afraid making mistake research,Fear
lm working properly,Neutral
annoyed right,Angry
submit assignmnets time,Sad
completed observational study,Neutral
attended ethic workshop,Neutral
afraid academic competition,Fear
perfect score midterm,Joy
anxious dissertation proposal,Fear
startup idea pitch contest,Joy
research collaboration achieving impossible dream,Joy
study abroad application got approved,Joy
reviewed feedback assignment,Neutral
worried failing internship,Fear
research collaboration addressing global challenge,Joy
missed first lecture semester,Sad
reviewed empirical evidence,Neutral
received university merit award,Joy
scared miss important detail,Fear
got accepted exclusive academic fellowship,Joy
instructor criticized writing harshly,Angry
working research project,Neutral
event start lunch,Neutral
couldnot meet deadline upset,Sad
understand complex theory,Fear
cheerful talk lecturer,Joy
got rejected academic collaboration,Sad
result low,Sad
professor invited establish research center,Joy
felt left group,Sad
classmate undermined effort repeatedly,Angry
make wrong academic decision,Fear
lecture morning,Neutral
got accepted study abroad program,Joy
afraid advisor disappointment,Fear
got rejected competitive program,Sad
get honor program,Sad
professor expressed disappointment openly,Angry
got rejected competitive scholarship,Sad
scared failing viva,Fear
instructor criticized methodology,Angry
assignment instruction clear,Neutral
attendace compulsory hate rule,Angry
worried bad day,Fear
got passed difficult subject,Joy
anxious comprehensive portfolio review,Fear
make friend new dorm,Sad
anxious professor recommendation,Fear
power cut study period time,Angry
got good result exam,Joy
academic future completely uncertain,Sad
could pay extra class,Sad
professor refuse clarify assignment requirement,Angry
attended research symposium,Neutral
live poson mawatha,Neutral
hate expect u life outside study,Angry
research methodology gaining recognition,Joy
noisy classroom disturbed,Angry
scared assignment rejection,Fear
got funding research transforming existence,Joy
completed prescriptive study,Neutral
bright happy start day,Joy
anxious public speaking anxiety,Fear
weekend revision started,Neutral
completed exploratory research,Neutral
think feeling sad tody,Sad
anxious losing motivation,Fear
got invitation present research finding,Joy
walk heavy rain,Sad
scared graduate school interview,Fear
got rejected research fellowship,Sad
afraid disappointing research supervisor,Fear
finally finished thesis defense,Joy
group leader rude,Angry
campus crowded today,Neutral
instructor criticized entire approach,Angry
research finding contradicted others,Sad
completed required reading,Neutral
got wet campus cricket match,Sad
attended academic symposium,Neutral
classmate sabotaged research presentation,Angry
work load high,Angry
laptop crashed,Sad
sad see,Sad
professor rejected research proposal,Sad
aced midterm exam studied hard,Joy
